KN8PWPWV,1
PQBFQEUH,1
UT3LNZD2,1
7RN7JL9G,1
8GMUZE3T,1
ELUUSBMN,1
LMAKLCS3,1
WK4TKM9T,1
WCA45MYZ,1
9RLJ43CG,1
SZHRDMT5,1
BWG74S83,1
HMZAU8JH,1
T98WWEC6,1
AAE6YAMM,1
A5B9D5YS,1
S2HCKB2D,1
Z3N3UW4G,1
NVLFLHJN,1
G88PLP86,1
KF8AMLQ6,1
J3Y246HM,1
BCXM5JYA,1
FTMVMWNX,1
Z5SN57ZZ,1
5T7US96A,1
WJPJRTF6,1
R666G9NB,1
U2QTNQMV,1
6PWX4GRZ,1
NAZKHQ38,1
4F29WFPJ,1
DK7ZVXNF,1
LL5WYVHK,1
6FMS6FPR,1
SE4NNCJV,1
TQD7QGXG,1
YB54UPSL,1
RRKTPVBV,1
D49PTHYS,1
94ND3F9B,1
59PAF2V6,1
URH7B3HK,1
4M4MVNFF,1
JGMYDLWL,1
RTQGS8ZR,1
5P4TXFDK,1
VDPEMP29,1
Q2JLZX8M,1
CFLL69BT,1
RMK9A94L,1
CS4GLB38,1
495ERP8F,1
447FLXFY,1
EJSFVAHW,1
99AUPYBD,1
7R294XS8,1
Y2JK2N3U,1
AKPWDUCC,1
2VVHETNZ,1
CLZ86SD9,1
FHNU68DU,1
SDX7PELE,1
WNXHLK3Z,1
8M29TGLM,1
QF8CZCZT,1
D5DU3WT8,1
4AXD5LU9,1
TPP7EJD5,1
PQJKXGSN,1
GESEJV83,1
6D5LRWS9,1
CFU63BR6,1
NUGCT7HQ,1
QFKPPWP9,1
ZUZ2K4Z2,1
D694R59J,1
P9SXUMZF,1
NR6JGY78,1
KT7JV3Z9,1
XUF7W2Q6,1
4JBKLVLU,1
QGTBJTGP,1
7BCL25WG,1
MTSCL2PJ,1
DHE85GLY,1
7FYAF5DG,1
SCU592FZ,1
EC48JWBQ,1
JWKJNHNS,1
TGT2UKWU,1
LHFYM4GC,1
5LD6Q396,1
S4KXVZW8,1
GRSBENWK,1
UVDC7969,1
HYD6R9JZ,1
BTF5NW7Z,1
GB897M33,1
APAP2WRZ,1
CWYTRVJP,1
UHQJ3QTX,1
UBSZ5MUS,1
4YVEWREA,1
P3UGH45J,1
ANCUK6VD,1
JR43T57F,1
HC6RCNJC,1
3G4JJJPH,1
RPE8DXUE,1
UTF4LG47,1
V2ZZP9JC,1
2YM2W9ZN,1
V6GPM4K7,1
YECG25ED,1
DHS4TW7P,1
TM9CNNFG,1
5HWJDY7A,1
8D5CPL2R,1
NK5MD3EV,1
WF4VRQMG,1
LW8G7ZV8,1
ESHSU65H,1
2RZJUMRW,1
KCQ5CKNQ,1
UDKCDKRC,1
E4EU6TAA,1
6DNLQ7VL,1
7W9LYV5X,1
UWXZCVQM,1
4WR3PEXB,1
3CBJHTJZ,1
ZKCMAB83,1
NU74G578,1
2MHKAFEY,1
824XEUC5,1
MQA6MWX5,1
KW2EKS3D,1
V8KU8GM7,1
EABJAHEK,1
79B6URHX,1
SLYNBKD5,1
ZCSDB5PK,1
QJQWHT4J,1
8BSMEY69,1
R6RLET6Y,1
EULE9ZZ4,1
KQ9CV3F4,1
5VNH8X4U,1
VCM8ZL6F,1
Y5X5K4U7,1
ATZ7YCWU,1
8PQ96DPZ,1
7YCHA33W,1
EACDM3UL,1
ZPWJ7UVJ,1
G8RNHXYG,1
J5H92G6G,1
EU94B56F,1
TSQS7KNX,1
H97PUKCR,1
KWKC97KH,1
28Q8SPJX,1
7GTSH5K8,1
LG5PGPMF,1
VQXPEM8P,1
DLX9WPCX,1
A7GYFVVA,1
Q524FFF4,1
ANBVAXXS,1
XGNNHJVX,1
UCFF8NUP,1
LK7GGMFW,1
FPRQ2FLV,1
NYY7VNHC,1
XK5BJ7TH,1
6SHXATGD,1
BFRXKVDV,1
SF6ZZ74D,1
TVS868UT,1
AG72SJ93,1
YSJQFZE8,1
SQLWUBGR,1
KA7URQ6V,1
QKMNBD2R,1
TMH4GXMG,1
AMTFWJMU,1
L2V8UL63,1
5P6YLGV7,1
4YZQVDD7,1
CWB4HSEJ,1
EZVZTN9D,1
PLUGLV6M,1
NH3LXDN7,1
CL2R7AZE,1
LNM2HFDM,1
SQN5FYTV,1
GEELEQMP,1
65E5FHYB,1
HDYN7FMY,1
4ANL9WS5,1
RSF82A89,1
HQXWYTVU,1
Z44RQ4UM,1
7GNTSE3J,1
KB3YHMGY,1
AFUKXEJP,1
E4BVSHUZ,1
5B3ZPSJQ,1
H4ZC3MM2,1
4TGK6H6W,1
3F4Q7S37,1
E2RPNE34,1
JRTL24F3,1
MCMYELGB,1
PYJKFQLP,1
8LDVF47U,1
TTYT6YRY,1
AHMZKG75,1
8C2SZ6L9,1
QAH4SRZZ,1
69DR5A69,1
HHLRDPC5,1
BTEAH473,1
BF85JM5W,1
J6QKYCHJ,1
6XYHGSA8,1
486LK977,1
BC6XUF3J,1
BVZGDGC6,1
H9ME24YU,1
Q78LTQ9W,1
FVUJ6B4P,1
ACT7R3HE,1
ZW9275HW,1
LRYPE3F3,1
6MB2YX47,1
3ETCES5N,1
FKMH3HZA,1
LYZ5YTU3,1
3F7TVPCN,1
RSX2LFX6,1
GDQJJQZF,1
ZV9GGPBN,1
3B8JNQA8,1
ZRUNJFPL,1
9KVE7RP6,1
BCDXP8ER,1
R5F6GRVT,1
V4GT9Z6V,1
AMMGF9SH,1
KJH8XUCL,1
J6R2AAJU,1
6QZ6FNZ8,1
YPHLZ2PL,1
H2NQZSSR,1
FRM3NQAS,1
JTYHNW9M,1
W6BUEY7G,1
WTP87FN6,1
F7GCBZSZ,1
AYVE8F9A,1
CM4ETNGW,1
HJX7N79L,1
WJ9AZM69,1
BF6N5FUV,1
K9AUBNVF,1
TQ98CJA2,1
F9M5D6K5,1
MD92WKWT,1
D7XJLSZX,1
RXGX8YRF,1
5RV7VDMU,1
ZJPZ23GQ,1
A8DUEBHU,1
T4UUEEC5,1
YDR84GYB,1
KCG3MMM7,1
ZTMWVMSG,1
4NSRE7VB,1
AFWKZNPJ,1
H68G6G8N,1
DR5W7GBF,1
5XMMR76E,1
X3VHLDL9,1
QUX8KY9C,1
95TVZYZ6,1
9EGJWQES,1
AXP88GJP,1
862K8JN8,1
XQDW96PU,1
LD79E5VT,1
Q7YWWHT4,1
HXASAE4R,1
Q72QDSW7,1
Q24J9SF2,1
F647QAPL,1
MY3K9K7P,1
SZSYDJWX,1
TQNUHTVU,1
G7HX8446,1
4BTZU92P,1
Q8AUCL6G,1
LLBPPL24,1
XF4Y69YY,1
U6WKWQDF,1
BM2E2PXZ,1
VXFE8KZ8,1
Y7HKHVRH,1
A8HP3H4W,1
JCK82TS8,1
YEBDGHUE,1
36XR4X3Z,1
LV3U92W3,1
XFVDAHYS,1
NL4ECVKQ,1
6EUH26V3,1
KR4ASB66,1
S7XTRLQW,1
6Y8GY4TR,1
FSZC7259,1
JFZCZKJM,1
72F8M92K,1
RFN42LC6,1
V5FWVR83,1
KX63CEWB,1
D9YMFYE7,1
P3EGA48W,1
EH5JBYPZ,1
3TUEMW8P,1
CGZW3ES7,1
6ZXEMRR7,1
KZ82D4C3,1
4YV47HV6,1
24TEQJJN,1
3Y5SKXJS,1
EW5ULW8K,1
66ML3NQY,1
QJ2DVQ3F,1
DMQB842A,1
V55EFJEV,1
YUXWB45V,1
UY9R3PZT,1
HTHU8KFS,1
3BDSUWQ8,1
F29RKFGX,1
BQD4TFZ3,1
83LMWX52,1
TJLZLBFX,1
BTRAJB5U,1
BD9RLCB9,1
D2RNQNKH,1
2YDT8ZXT,1
YPAR8XGB,1
D3YGU36P,1
Y8PS26SK,1
BXYCVH47,1
ES8MA8P6,1
T49QK5M7,1
8V5F38AV,1
DF48ZFGS,1
JL4XR34Y,1
P3RGNJXX,1
45PCTWKA,1
4EGU9E73,1
M2N4VC3Q,1
A85QDB3T,1
JJ4TCH3X,1
JVBHKJ28,1
E87JNBMY,1
NR2HV2WZ,1
45X5SAAT,1
R9WXE6AK,1
SYJFZGKA,1
M4JMLUH8,1
ZA27QE7G,1
G3JK3XQZ,1
Z5G4UK2N,1
TG2VUJXR,1
AR9JBBWG,1
4DH6TN3S,1
GCCHP7EA,1
NTD6JQC3,1
GJ892KAK,1
3WZT522F,1
PMVUKQDY,1
ZT3FJLKS,1
HYT84QF7,1
ZYGMBNTW,1
HBYAKYB9,1
BATGMV32,1
3B5GFXRL,1
TMD4MEGQ,1
8W426AMN,1
ELWLFQN6,1
87ZDGT8N,1
8V347Q2K,1
96SJJ7R3,1
Y5Q7LGUS,1
6ZJZZGUU,1
UW7V2HG6,1
C7P3HKTA,1
6K7JQ7P8,1
8CF4UPUW,1
WEXJLG4P,1
4TC3NFJM,1
67BFSUT6,1
W5RT95US,1
CEFUKPKZ,1
5NKW4Q38,1
YNEAGCKL,1
6QLZASQB,1
H9LD26KA,1
QWKQBTHK,1
Y4HQF3G5,1
UY8TMT6G,1
6MS6XM5A,1
YGYRZYJQ,1
QN9GEWUA,1
5UH8DY6Q,1
Q56AWVPR,1
7ZMRMNCF,1
CD8ZXK6L,1
VFXMQRTU,1
U237HNXS,1
BU6BML6P,1
TLHWZ2BM,1
GFEG3FTV,1
DTLQ5G65,1
GJ79N9TQ,1
FNUUNPWZ,1
4YSZAWBD,1
GG6KVA7Y,1
HDTQLCB7,1
J9QTLCKR,1
TCH3U5AT,1
TTU9S79B,1
RVHMECGE,1
CXMZDASB,1
UWKF6XES,1
AUUUH47M,1
MBVLVKYA,1
NMQ2UD94,1
M2SRCMB3,1
T362FUR2,1
LKQTPQCH,1
GJ9KQUJ8,1
FN8JR9XY,1
C9SLAQYM,1
8MAZTK7X,1
WTKRR6G2,1
VYCZK6L3,1
4X7T5X2T,1
6BAAFBLT,1
X26HZW72,1
LV3EJZ4N,1
TP3TA3AZ,1
XCYGEK7N,1
NNA7DT2R,1
MMVWNB6X,1
YAS66VM5,1
WMKCFNR9,1
W94PZP37,1
N8MC2Z52,1
PQPRTN7V,1
EM65ZN5F,1
C5ZAUKK2,1
P5T4QZU4,1
DZZV4E6A,1
SURZ9TU3,1
DAV66EF5,1
XJT2A3MN,1
R364WZYU,1
3G8YR7HE,1
S7EZ5QX6,1
LCJX5KD4,1
4FABJRQV,1
HEXXPUE9,1
U4E7SQAJ,1
AKWW9KAX,1
LD3USZ86,1
TN89CSU9,1
L4R8KQ87,1
2ARMZJ7U,1
AARNBZBQ,1
CE2G9ZW8,1
C8MRAFYN,1
XPV3H4ZR,1
VZ7EHDVE,1
C58K6AJL,1
EH3XUPQK,1
QJP964DC,1
WMKZTC85,1
4M246PKU,1
7WRRWR7E,1
XX6KX5BT,1
Z9XHJCMY,1
A7UMWFGU,1
CBCUPF3M,1
R8EN5KWH,1
SRE7HLX2,1
RRCG6W8M,1
5WRM7ZV2,1
E2R3F45Y,1
PZU5XXEN,1
KNSLTZT3,1
KL8S4XYK,1
E9C9PZF2,1
4T8C3JUA,1
3UXTKAXR,1
ZKHX64ZU,1
A9NWDWNV,1
U5B9LFUK,1
9UXRHK2J,1
5V37X7CD,1
NZA74FF8,1
RU2XLSVX,1
AVKCDAT5,1
9JKM7EAZ,1
9BPP87RR,1
884Y42HT,1
689GSAPT,1
7NWL9DZL,1
YMVVUJH4,1
FBBTU6S6,1
4Q2NEK4M,1
4VVD3ASF,1
XQSNC4AV,1
Z93QRS3Y,1
79W5MPQL,1
L6Q64TSW,1
B7PEVWB5,1
EP59SHUH,1
CWUJ985T,1
UEK5SVK6,1
SWZCNTC4,1
4QL3NGSY,1
REK84TE5,1
3R39FYQ9,1
XNY8YETA,1
A4QFSDBA,1
9V6TSAP2,1
5WULJSWX,1
DP4L2VVY,1
6TBZ6UF4,1
CLTZRM8L,1
K9J7EHR5,1
2BE4TDFB,1
54NYWMTU,1
5CJR5VJH,1
77WNJW5U,1
RRCK8XEU,1
GPLQSRJS,1
X99V2VZB,1
Z8XL3TFA,1
YJ7WERFV,1
EDVKVQRY,1
HXJUAVBK,1
48JZ8C56,1
CXBC7XY9,1
RM9KN864,1
MSK5TY8U,1
XNJ37BRQ,1
9XNZE9AR,1
9C32YZ8C,1
EN6848TW,1
8SZ5SG55,1
2EPP74PF,1
XM8NY3UX,1
K252PRMS,1
XQTHPWZU,1
K6RMZBW8,1
TX77A45L,1
E5RPR294,1
2ARZXG9Q,1
PBK59BC3,1
SXVGY2A3,1
W3WC79PZ,1
VX629N6B,1
YNLRTYUY,1
AMUVXF2R,1
TA977FTH,1
RU7HP5C3,1
BYAT3NAV,1
9WB6RWLK,1
AMWDQVWV,1
L5RVYPGZ,1
K5UTQ3YM,1
KJXP6DZP,1
TZKSHPS2,1
DG7TQ8SH,1
7S7SGMJA,1
6J5PXAP2,1
Y2S3GYZE,1
UKHDB3NX,1
7SB7RK9G,1
GBKN7ME8,1
XPQV5DMJ,1
5RGC8PJL,1
FB939DEL,1
KH833N52,1
QSPF59PC,1
JFRQSE8K,1
VJZ4DUCK,1
GU2NW2E2,1
4242PWRS,1
ULKS47WG,1
3XKG38W2,1
EAG672ZZ,1
4M9UPV3H,1
W4ZY5HKC,1
ZT4NK8N9,1
952WS8J4,1
3JRLHEZT,1
PYUKSP2E,1
LL2D44DB,1
TPG6MEQT,1
LZRW24TA,1
N784FENU,1
45XJUU8M,1
DVS8982W,1
7RRUJB6U,1
6VN26R26,1
9J48Z6T3,1
P7ARCRPD,1
KG5X747Y,1
3PGUL27Q,1
AZP2L7ED,1
YVXADVKL,1
9N3DE7D7,1
9GLHLCQD,1
XZZCXRPQ,1
4SC9SS7J,1
NADPBPBK,1
WU5E4VVY,1
NJ4UDS9Y,1
KC8QLFYD,1
YY9Y3CEW,1
A676WRSD,1
98KZN92A,1
5AGV6HFJ,1
58VLWN5Q,1
S6FV4SP4,1
DDUVV7WJ,1
8GJD7P4Y,1
UCR4XLW8,1
MMFSXHA2,1
99UL3MJ3,1
TF4UPNS3,1
2TKA9A2K,1
TBX9M47U,1
D4UGY3V3,1
996BPXAW,1
L9YEC5P9,1
V53TQDXA,1
RVDN4F5H,1
9B97DJFQ,1
KWY99ME8,1
6LKQUV43,1
BJQT4MM8,1
P7AK255W,1
JWMRCHNZ,1
RYUM4GPX,1
9HFU95DH,1
TTLDY7BL,1
KCL7T5Y7,1
EZ5G7Z5X,1
WFYYDZ7H,1
V7C4GBTQ,1
YYPEMEK7,1
TGXHJCL9,1
ZXA6PVFS,1
2SFJWV3V,1
GEBVR8R9,1
3KHKMEVU,1
6PMLZR44,1
RKFMC2JT,1
JNWL68L4,1
7EMGRVSM,1
JENASWGQ,1
MTAM2F7Y,1
ADSNW7JH,1
E79QLMEN,1
RXJFQYBK,1
SEU5VEHU,1
H5EHQE56,1
CMJQTYRT,1
PPSXFBYA,1
X3NWGXNY,1
D2ZAZ548,1
BUJNDR94,1
XGP2KSS3,1
C5MPAQAU,1
DP2V8EHR,1
FWKZATTN,1
K3AFUFGE,1
J62L24KG,1
UWUUTUQL,1
BHED85KV,1
9PCXEMUH,1
DK5ELLJ4,1
RK6USAWW,1
ATJ7CU3C,1
BA799NK5,1
43T3CVVB,1
Y22KG49X,1
WRVZS3V9,1
6CH3XB3C,1
2FKBMQXF,1
FEUMNV9A,1
YNFAX49J,1
Q4LXYFZX,1
GYTG9VTK,1
RCA6CPC4,1
3Q8WN6MB,1
L6ZVXUZY,1
7XL8X6BA,1
NQM9C7CN,1
FDJXYQXS,1
BW9NNFRS,1
KH46AKW4,1
GNR7AHQS,1
VDMNBZCD,1
JSJFTXFE,1
43UBPHJY,1
M7LCGR3M,1
7FFZ4T8J,1
KECSNMWH,1
9AUJR8Y2,1
F6PT9RXE,1
37G9SRE2,1
R2ADJXW5,1
47DZ8X29,1
Q6FFGAE4,1
LV6FBUKE,1
DKHAGL42,1
K2EH9MBP,1
WGUUFB98,1
DQGXWSC8,1
ZS3W9UUW,1
4NHZ8V27,1
M44LDBBP,1
A6VZ29GE,1
5UL63TTE,1
8MFX4BBP,1
QYPAYCCC,1
WPE5D2VJ,1
UQ6LWZX9,1
HBSYSS9G,1
HAVZ5XS4,1
MFR5C92T,1
PEDVSF3D,1
UXV65JCR,1
4ZZHCKDK,1
5FWVZLKR,1
CMZUT52H,1
NQSMTFKB,1
4SF9UZ7R,1
36WVG3H2,1
HFXWYCU9,1
4PZYA6YR,1
26DEK76H,1
N9RXUTK7,1
J9PQGT5R,1
9TQWHEJ5,1
CSH2557P,1
A5T6W758,1
UEFFSYXA,1
AMMRRTZW,1
T3L7YPPX,1
PDACQ5T3,1
WXTS8JXQ,1
2D7KFCM7,1
SQ928DGC,1
WHTCTXVN,1
RDLJEA3M,1
Z6A3ZKBL,1
6NJ9NECZ,1
YRTHSMDE,1
WD5LBNJE,1
EV7LYGWM,1
7U94Q2ZD,1
WM7EEFH6,1
V8JFD95H,1
QE94G3AD,1
3PACMRNN,1
EAUR3EZP,1
73RQC86A,1
MM7QAGAB,1
5VTV72V7,1
AV6FFHQF,1
K7JTMGRM,1
X8BG5RCA,1
8VM3X8VN,1
TM85ZDKE,1
ZDTAMAML,1
PB5NKZZ8,1
34ACZ6BV,1
PQET4JKW,1
4HZULQT8,1
L4DDXHQN,1
4BLR4UWZ,1
4VNHHZ4K,1
VM2Y86ZT,1
3TQBCWZD,1
ULHNR2WF,1
D77H7Z8T,1
2MKJ4ELJ,1
X266WP4H,1
F9Z5SA7Q,1
CUL2QQBT,1
EPQN4G4P,1
CTCZY3HZ,1
SWYLLKXC,1
K62PSQMX,1
LYR87UL7,1
H79RW2BK,1
2AE7TKV7,1
6N5CV6V2,1
7VZ72J5N,1
PA4PEEC7,1
6YXYBN4H,1
C27P3A4N,1
XDJCMN42,1
EHPP8CUH,1
WRXARA7N,1
E687GNA2,1
EV2PS7PS,1
8ZE9R3HE,1
YSXVZSM5,1
AA6ZASE5,1
SBBCPYC9,1
495UZ7PH,1
4CG9CMYE,1
A9BUZDWE,1
Q8RFMT4J,1
77S9XLP2,1
LWEMMQ74,1
6QASSV32,1
DRCDTVM7,1
4HMV94GN,1
Y6RZA72N,1
FKFGQHUA,1
XYWKMN5B,1
JX89NC45,1
XRLBR3YC,1
N36CXEVS,1
P3EXCLV2,1
5NVSLG54,1
GC7UBZE5,1
NFM5AKJQ,1
BBG27NHH,1
WMTRRGFV,1
GWAKZ9FB,1
54YAXUQ2,1
NTUFXJ7E,1
XPMBFLEY,1
KVVT9HAA,1
UUC8ZX36,1
GGGPQAZR,1
L5Q6PQBQ,1
WYX9MDCL,1
WRPEF3GR,1
4YN9ZQ63,1
9ZXCVD5L,1
E6YDEZJU,1
JU8A7AKG,1
VLSFL6GU,1
EC9KK5U9,1
JWYC52XM,1
BFTTSU5A,1
RJH5DYCE,1
FJLLX4TY,1
RPZCZ6G9,1
NN33T94J,1
ENKHQMBL,1
LF3BK7SP,1
F29ZAGL5,1
KYGDQ9CJ,1
ZL4XBDTJ,1
JBJDUVU4,1
27H6F5CA,1
5AMU25PU,1
4H79NWTK,1
XTZNKE6H,1
JEWX4LUC,1
W4XW7TL7,1
EPBUEB8X,1
5F8UKX3U,1
K72SH3WA,1
HFLD5PV5,1
5LHHAEWS,1
6JFGGY4F,1
8F3CLVBU,1
278M9T4C,1
XS897M5V,1
ETU8KKD8,1
NXTDL64F,1
73XFB4J3,1
CPYH2E9L,1
PETA24SL,1
XFAGDRD3,1
6QY2S9J7,1
LZY3ST2Q,1
Q5GXZDLE,1
YFWDNWXA,1
XSEHLVEM,1
96CPN5SS,1
9UJG89B8,1
YMSTL695,1
7D5NNUKQ,1
WCLKAPUX,1
4WBX487X,1
ANEW8W2Z,1
3F78RSPA,1
EB4Z82QW,1
2U34CMU6,1
JSCCVUR9,1
KEYRC9AE,1
UPM77VQR,1
2DDQZ93Q,1
NUEYCXRN,1
JNYA5RB5,1
QFEZV4G3,1
YE54C67E,1
XLREV4NT,1
ALH2ZPKS,1
Z3WGZ8BV,1
26NH8TNX,1
K2XZNQC3,1
9SHDPPZ8,1
JQJ9VGJ3,1
P8SJ4BXC,1
TYQQRZ4W,1
BMFGYNVD,1
6AJD9XWJ,1
672HU7SR,1
V5J2KPCP,1
9VB6MUUS,1
YPS6LPAK,1
ATLUBMZ6,1
7Y3K4ULA,1
A2LGUWR6,1
YZH9DVQQ,1
J4KGUHFT,1
6BZLYW6D,1
NH7ET486,1
WSXSQ5UR,1
47THVDBF,1
DNLAVKSW,1
YLVBG4LP,1
3655MRSF,1
LDDW8TJ7,1
YRV5NFQT,1
6LZBVUBL,1
UW768VXC,1
KD29M3J4,1
TCTYMTVC,1
4GC6Q7JJ,1
Z2XAHL3G,1
272A8D2J,1
3EZ6PJT8,1
RQZNSN8L,1
XSY8XRNY,1
PEBWUCYK,1
LP7CGLEY,1
ACVSLV7C,1
ZPVYZKDN,1
HGU2H37T,1
RHDB4PYA,1
7AF8L978,1
SSD5BMRP,1
VZM2565L,1
8LP5X37D,1
JDU76SWV,1
TCJECNQT,1
DCFLDT3H,1
ECSTQBEM,1
WYF8TKMN,1
XPQ4WDPE,1
WZATYQVT,1
JJSBLDL7,1
S2J7HGJS,1
4X88JNBT,1
8ZWQLKEA,1
5AX6NSGK,1
QG7TYELH,1
2M5RDFCT,1
H9DT297N,1
MDW7JMNK,1
KKY7D42B,1
LDDZ6H73,1
4T94F3EF,1
2LS6Q6QC,1
ENF4MTGQ,1
QRC7MNAA,1
LB65EP9R,1
YGPKZ4ZZ,1
3RN77SRR,1
Z89BTQH2,1